{"cameraMode":{"drawMode":0,"name":"Shaded","section":"Shading Mode"},"sceneLighting":true,"audioPlay":false,"sceneViewState":{"m_AlwaysRefresh":false,"showFog":true,"showSkybox":true,"showFlares":true,"showImageEffects":true,"showParticleSystems":true,"showVisualEffectGraphs":true,"m_FxEnabled":true},"in2DMode":false,"pivot":{"x":47.28223419189453,"y":-16.9848690032959,"z":26.956790924072267},"rotation":{"x":-0.30508431792259219,"y":-0.06649991124868393,"z":0.021360905840992929,"w":-0.9497674107551575},"size":36.801490783691409,"orthographic":false}